{
  "id": "devnet",
  "name": "Devnet",
  "egldLabel": "xEGLD",
  "decimals": "4",
  "egldDenomination": "18",
  "gasPerDataByte": "1500",
  "apiTimeout": "4000",
  "walletConnectDeepLink": "https://maiar.page.link/?apn=com.multiversx.maiar.wallet&isi=1519405832&ibi=com.multiversx.maiar.wallet&link=https://maiar.com/",
  "walletConnectBridgeAddresses": [
    "https://bridge.walletconnect.org"
  ],
  "walletAddress": "https://devnet-wallet.multiversx.com",
  "apiAddress": "https://devnet-api.multiversx.com",
  "explorerAddress": "http://devnet-explorer.multiversx.com",
  "chainId": "D"
}