{
  "id": "mainnet",
  "name": "Mainnet",
  "egldLabel": "EGLD",
  "decimals": "4",
  "egldDenomination": "18",
  "gasPerDataByte": "1500",
  "apiTimeout": "4000",
  "walletConnectDeepLink": "https://maiar.page.link/?apn=com.multiversx.maiar.wallet&isi=1519405832&ibi=com.multiversx.maiar.wallet&link=https://maiar.com/",
  "walletConnectBridgeAddresses": [
    "https://bridge.walletconnect.org"
  ],
  "walletAddress": "https://wallet.multiversx.com",
  "apiAddress": "https://api.multiversx.com",
  "explorerAddress": "https://explorer.multiversx.com",
  "chainId": "1"
}